station_id,date,time_utc,lat,lng,rainfall,temp,temp_max,temp_min,state,url_hash
MANAVADAR,8-Jun-2014,23:00:00,21.5,70.1,0,,,,8,e51f3e67730b53d97582dfd9ad52cf65
MANGROL,8-Jun-2014,23:00:00,21.1,70.1,0,28.9,,,8,e51f3e67730b53d97582dfd9ad52cf65
LILIYA,8-Jun-2014,23:00:00,21.5,71.4,0,,,,8,e51f3e67730b53d97582dfd9ad52cf65
LODHIKA,8-Jun-2014,23:00:00,22.1,70.6,0,,,,8,e51f3e67730b53d97582dfd9ad52cf65
GANDEVI,8-Jun-2014,23:00:00,20.8,73,0,29.1,,,8,e51f3e67730b53d97582dfd9ad52cf65
DHROL,8-Jun-2014,23:00:00,22.6,70.5,0,,,,8,e51f3e67730b53d97582dfd9ad52cf65
DHORAJI,8-Jun-2014,23:00:00,21.7,70.4,0,,,,8,e51f3e67730b53d97582dfd9ad52cf65
DHARI,8-Jun-2014,23:00:00,21.2,71,0,,,,8,e51f3e67730b53d97582dfd9ad52cf65
DEHGAM,8-Jun-2014,23:00:00,23.2,72.8,0,28.6,,,8,e51f3e67730b53d97582dfd9ad52cf65
CHOTILA,8-Jun-2014,23:00:00,22.4,71.2,0,,,,8,e51f3e67730b53d97582dfd9ad52cf65
BORSAD,8-Jun-2014,23:00:00,22.4,72.9,0,,,,8,e51f3e67730b53d97582dfd9ad52cf65
SANKHEDA,8-Jun-2014,23:00:00,22.2,73.6,0,,,,8,e51f3e67730b53d97582dfd9ad52cf65
SAVARKUNDALA,8-Jun-2014,23:00:00,21.3,71.7,0,,,,8,e51f3e67730b53d97582dfd9ad52cf65
JAFRABAD,8-Jun-2014,23:00:00,20.8,71.3,0,,,,8,e51f3e67730b53d97582dfd9ad52cf65
BOTAD,8-Jun-2014,23:00:00,22.2,71.6,0,,,,8,e51f3e67730b53d97582dfd9ad52cf65
SINOR,8-Jun-2014,23:00:00,21.9,73.3,0,,,,8,e51f3e67730b53d97582dfd9ad52cf65
MOTI NAROLI,8-Jun-2014,23:00:00,21.4,73,0,,,,8,e51f3e67730b53d97582dfd9ad52cf65
MC AHMEDABAD,8-Jun-2014,23:00:00,23.1,72.5,0,,,,8,e51f3e67730b53d97582dfd9ad52cf65
KAMREJ,8-Jun-2014,23:00:00,21.3,73,0,,,,8,e51f3e67730b53d97582dfd9ad52cf65
DHANDHUKA,8-Jun-2014,23:00:00,22.4,72,0,,,,8,e51f3e67730b53d97582dfd9ad52cf65
BARVALA,8-Jun-2014,23:00:00,22.2,71.9,0,,,,8,e51f3e67730b53d97582dfd9ad52cf65
VISAVDHAR,8-Jun-2014,23:00:00,21.3,70.7,0,,,,8,e51f3e67730b53d97582dfd9ad52cf65
TILAKWADA,8-Jun-2014,23:00:00,21.9,73.6,0,28.3,,,8,e51f3e67730b53d97582dfd9ad52cf65
THARAD,8-Jun-2014,23:00:00,24.4,71.6,0,,,,8,e51f3e67730b53d97582dfd9ad52cf65
JAFRABAD,8-Jun-2014,22:00:00,20.8,71.3,0,,,,8,e51f3e67730b53d97582dfd9ad52cf65
LODHIKA,8-Jun-2014,22:00:00,22.1,70.6,0,,,,8,e51f3e67730b53d97582dfd9ad52cf65
LILIYA,8-Jun-2014,22:00:00,21.5,71.4,0,,,,8,e51f3e67730b53d97582dfd9ad52cf65
MANGROL,8-Jun-2014,22:00:00,21.1,70.1,0,28.9,,,8,e51f3e67730b53d97582dfd9ad52cf65
GANDEVI,8-Jun-2014,22:00:00,20.8,73,0,29.3,,,8,e51f3e67730b53d97582dfd9ad52cf65
DHROL,8-Jun-2014,22:00:00,22.6,70.5,0,,,,8,e51f3e67730b53d97582dfd9ad52cf65
DHORAJI,8-Jun-2014,22:00:00,21.7,70.4,0,,,,8,e51f3e67730b53d97582dfd9ad52cf65
DHARI,8-Jun-2014,22:00:00,21.2,71,0,,,,8,e51f3e67730b53d97582dfd9ad52cf65
DEHGAM,8-Jun-2014,22:00:00,23.2,72.8,0,29.3,,,8,e51f3e67730b53d97582dfd9ad52cf65
CHOTILA,8-Jun-2014,22:00:00,22.4,71.2,0,,,,8,e51f3e67730b53d97582dfd9ad52cf65
BOTAD,8-Jun-2014,22:00:00,22.2,71.6,0,,,,8,e51f3e67730b53d97582dfd9ad52cf65
BORSAD,8-Jun-2014,22:00:00,22.4,72.9,0,,,,8,e51f3e67730b53d97582dfd9ad52cf65
SAVARKUNDALA,8-Jun-2014,22:00:00,21.3,71.7,0,,,,8,e51f3e67730b53d97582dfd9ad52cf65
MANAVADAR,8-Jun-2014,22:00:00,21.5,70.1,0,,,,8,e51f3e67730b53d97582dfd9ad52cf65
SINOR,8-Jun-2014,22:00:00,21.9,73.3,0,,,,8,e51f3e67730b53d97582dfd9ad52cf65
MOTI NAROLI,8-Jun-2014,22:00:00,21.4,73,0,,,,8,e51f3e67730b53d97582dfd9ad52cf65
MC AHMEDABAD,8-Jun-2014,22:00:00,23.1,72.5,0,,,,8,e51f3e67730b53d97582dfd9ad52cf65
KAMREJ,8-Jun-2014,22:00:00,21.3,73,0,,,,8,e51f3e67730b53d97582dfd9ad52cf65
DHANDHUKA,8-Jun-2014,22:00:00,22.4,72,0,,,,8,e51f3e67730b53d97582dfd9ad52cf65
BARVALA,8-Jun-2014,22:00:00,22.2,71.9,0,,,,8,e51f3e67730b53d97582dfd9ad52cf65
VISAVDHAR,8-Jun-2014,22:00:00,21.3,70.7,0,,,,8,e51f3e67730b53d97582dfd9ad52cf65
UPLETA,8-Jun-2014,22:00:00,21.7,70.3,0,,,,8,e51f3e67730b53d97582dfd9ad52cf65
TILAKWADA,8-Jun-2014,22:00:00,21.9,73.6,0,28.5,,,8,e51f3e67730b53d97582dfd9ad52cf65
THARAD,8-Jun-2014,22:00:00,24.4,71.6,0,,,,8,e51f3e67730b53d97582dfd9ad52cf65
LILIYA,8-Jun-2014,21:00:00,21.5,71.4,0,,,,8,e51f3e67730b53d97582dfd9ad52cf65
MANGROL,8-Jun-2014,21:00:00,21.1,70.1,0,29.2,,,8,e51f3e67730b53d97582dfd9ad52cf65
MANAVADAR,8-Jun-2014,21:00:00,21.5,70.1,0,,,,8,e51f3e67730b53d97582dfd9ad52cf65
SANKHEDA,8-Jun-2014,21:00:00,22.2,73.6,0,,,,8,e51f3e67730b53d97582dfd9ad52cf65
JAFRABAD,8-Jun-2014,21:00:00,20.8,71.3,0,,,,8,e51f3e67730b53d97582dfd9ad52cf65
GANDEVI,8-Jun-2014,21:00:00,20.8,73,0,29.4,,,8,e51f3e67730b53d97582dfd9ad52cf65
DHROL,8-Jun-2014,21:00:00,22.6,70.5,0,,,,8,e51f3e67730b53d97582dfd9ad52cf65
DHORAJI,8-Jun-2014,21:00:00,21.7,70.4,0,,,,8,e51f3e67730b53d97582dfd9ad52cf65
DHARI,8-Jun-2014,21:00:00,21.2,71,0,,,,8,e51f3e67730b53d97582dfd9ad52cf65
BORSAD,8-Jun-2014,21:00:00,22.4,72.9,0,,,,8,e51f3e67730b53d97582dfd9ad52cf65
BOTAD,8-Jun-2014,21:00:00,22.2,71.6,0,,,,8,e51f3e67730b53d97582dfd9ad52cf65
SAVARKUNDALA,8-Jun-2014,21:00:00,21.3,71.7,0,,,,8,e51f3e67730b53d97582dfd9ad52cf65
THARAD,8-Jun-2014,21:00:00,24.4,71.6,0,,,,8,e51f3e67730b53d97582dfd9ad52cf65
CHOTILA,8-Jun-2014,21:00:00,22.4,71.2,0,,,,8,e51f3e67730b53d97582dfd9ad52cf65
LODHIKA,8-Jun-2014,21:00:00,22.1,70.6,0,,,,8,e51f3e67730b53d97582dfd9ad52cf65
DEHGAM,8-Jun-2014,21:00:00,23.2,72.8,0,29.9,,,8,e51f3e67730b53d97582dfd9ad52cf65
SINOR,8-Jun-2014,21:00:00,21.9,73.3,0,,,,8,e51f3e67730b53d97582dfd9ad52cf65
MOTI NAROLI,8-Jun-2014,21:00:00,21.4,73,0,,,,8,e51f3e67730b53d97582dfd9ad52cf65
MC AHMEDABAD,8-Jun-2014,21:00:00,23.1,72.5,0,,,,8,e51f3e67730b53d97582dfd9ad52cf65
KAMREJ,8-Jun-2014,21:00:00,21.3,73,0,,,,8,e51f3e67730b53d97582dfd9ad52cf65
TILAKWADA,8-Jun-2014,21:00:00,21.9,73.6,0,28.8,,,8,e51f3e67730b53d97582dfd9ad52cf65
UPLETA,8-Jun-2014,21:00:00,21.7,70.3,0,,,,8,e51f3e67730b53d97582dfd9ad52cf65
VISAVDHAR,8-Jun-2014,21:00:00,21.3,70.7,0,,,,8,e51f3e67730b53d97582dfd9ad52cf65
BARVALA,8-Jun-2014,21:00:00,22.2,71.9,0,,,,8,e51f3e67730b53d97582dfd9ad52cf65
DHANDHUKA,8-Jun-2014,21:00:00,22.4,72,0,,,,8,e51f3e67730b53d97582dfd9ad52cf65
MANAVADAR,8-Jun-2014,20:00:00,21.5,70.1,0,,,,8,e51f3e67730b53d97582dfd9ad52cf65
GANDEVI,8-Jun-2014,20:00:00,20.8,73,0,29.6,,,8,e51f3e67730b53d97582dfd9ad52cf65
DHROL,8-Jun-2014,20:00:00,22.6,70.5,0,,,,8,e51f3e67730b53d97582dfd9ad52cf65
DHORAJI,8-Jun-2014,20:00:00,21.7,70.4,0,,,,8,e51f3e67730b53d97582dfd9ad52cf65
DHARI,8-Jun-2014,20:00:00,21.2,71,0,,,,8,e51f3e67730b53d97582dfd9ad52cf65
DEHGAM,8-Jun-2014,20:00:00,23.2,72.8,0,29.9,,,8,e51f3e67730b53d97582dfd9ad52cf65
CHOTILA,8-Jun-2014,20:00:00,22.4,71.2,0,,,,8,e51f3e67730b53d97582dfd9ad52cf65
BORSAD,8-Jun-2014,20:00:00,22.4,72.9,0,,,,8,e51f3e67730b53d97582dfd9ad52cf65
BOTAD,8-Jun-2014,20:00:00,22.2,71.6,0,,,,8,e51f3e67730b53d97582dfd9ad52cf65
BARVALA,8-Jun-2014,20:00:00,22.2,71.9,0,,,,8,e51f3e67730b53d97582dfd9ad52cf65
SANKHEDA,8-Jun-2014,20:00:00,22.2,73.6,0,,,,8,e51f3e67730b53d97582dfd9ad52cf65
SAVARKUNDALA,8-Jun-2014,20:00:00,21.3,71.7,0,,,,8,e51f3e67730b53d97582dfd9ad52cf65
UPLETA,8-Jun-2014,20:00:00,21.7,70.3,0,,,,8,e51f3e67730b53d97582dfd9ad52cf65
SINOR,8-Jun-2014,20:00:00,21.9,73.3,0,,,,8,e51f3e67730b53d97582dfd9ad52cf65
MOTI NAROLI,8-Jun-2014,20:00:00,21.4,73,0,,,,8,e51f3e67730b53d97582dfd9ad52cf65
MC AHMEDABAD,8-Jun-2014,20:00:00,23.1,72.5,0,,,,8,e51f3e67730b53d97582dfd9ad52cf65
KAMREJ,8-Jun-2014,20:00:00,21.3,73,0,,,,8,e51f3e67730b53d97582dfd9ad52cf65
DHANDHUKA,8-Jun-2014,20:00:00,22.4,72,0,,,,8,e51f3e67730b53d97582dfd9ad52cf65
VISAVDHAR,8-Jun-2014,20:00:00,21.3,70.7,0,,,,8,e51f3e67730b53d97582dfd9ad52cf65
TILAKWADA,8-Jun-2014,20:00:00,21.9,73.6,0,29,,,8,e51f3e67730b53d97582dfd9ad52cf65
THARAD,8-Jun-2014,20:00:00,24.4,71.6,0,,,,8,e51f3e67730b53d97582dfd9ad52cf65
MANGROL,8-Jun-2014,19:00:00,21.1,70.1,0,29.5,,,8,e51f3e67730b53d97582dfd9ad52cf65
LILIYA,8-Jun-2014,19:00:00,21.5,71.4,0,,,,8,e51f3e67730b53d97582dfd9ad52cf65
LODHIKA,8-Jun-2014,19:00:00,22.1,70.6,0,,,,8,e51f3e67730b53d97582dfd9ad52cf65
JAMBUSAR,8-Jun-2014,19:00:00,22,72.8,0,29.5,,,8,e51f3e67730b53d97582dfd9ad52cf65
JAFRABAD,8-Jun-2014,19:00:00,20.8,71.3,0,,,,8,e51f3e67730b53d97582dfd9ad52cf65
GANDEVI,8-Jun-2014,19:00:00,20.8,73,0,29.7,,,8,e51f3e67730b53d97582dfd9ad52cf65
DHORAJI,8-Jun-2014,19:00:00,21.7,70.4,0,,,,8,e51f3e67730b53d97582dfd9ad52cf65
DHARI,8-Jun-2014,19:00:00,21.2,71,0,,,,8,e51f3e67730b53d97582dfd9ad52cf65
DEHGAM,8-Jun-2014,19:00:00,23.2,72.8,0,29.8,,,8,e51f3e67730b53d97582dfd9ad52cf65
MANAVADAR,8-Jun-2014,19:00:00,21.5,70.1,0,,,,8,e51f3e67730b53d97582dfd9ad52cf65
BOTAD,8-Jun-2014,19:00:00,22.2,71.6,0,,,,8,e51f3e67730b53d97582dfd9ad52cf65
BORSAD,8-Jun-2014,19:00:00,22.4,72.9,0,,,,8,e51f3e67730b53d97582dfd9ad52cf65
SANKHEDA,8-Jun-2014,19:00:00,22.2,73.6,0,,,,8,e51f3e67730b53d97582dfd9ad52cf65
SAVARKUNDALA,8-Jun-2014,19:00:00,21.3,71.7,0,,,,8,e51f3e67730b53d97582dfd9ad52cf65
DHROL,8-Jun-2014,19:00:00,22.6,70.5,0,,,,8,e51f3e67730b53d97582dfd9ad52cf65
SINOR,8-Jun-2014,19:00:00,21.9,73.3,0,,,,8,e51f3e67730b53d97582dfd9ad52cf65
MOTI NAROLI,8-Jun-2014,19:00:00,21.4,73,0,,,,8,e51f3e67730b53d97582dfd9ad52cf65
MC AHMEDABAD,8-Jun-2014,19:00:00,23.1,72.5,0,,,,8,e51f3e67730b53d97582dfd9ad52cf65
KAMREJ,8-Jun-2014,19:00:00,21.3,73,0,,,,8,e51f3e67730b53d97582dfd9ad52cf65
DHANDHUKA,8-Jun-2014,19:00:00,22.4,72,0,,,,8,e51f3e67730b53d97582dfd9ad52cf65
BARVALA,8-Jun-2014,19:00:00,22.2,71.9,0,,,,8,e51f3e67730b53d97582dfd9ad52cf65
VISAVDHAR,8-Jun-2014,19:00:00,21.3,70.7,0,,,,8,e51f3e67730b53d97582dfd9ad52cf65
UPLETA,8-Jun-2014,19:00:00,21.7,70.3,0,,,,8,e51f3e67730b53d97582dfd9ad52cf65
TILAKWADA,8-Jun-2014,19:00:00,21.9,73.6,0,29.3,,,8,e51f3e67730b53d97582dfd9ad52cf65
THARAD,8-Jun-2014,19:00:00,24.4,71.6,0,,,,8,e51f3e67730b53d97582dfd9ad52cf65
JAFRABAD,8-Jun-2014,18:00:00,20.8,71.3,0,,,,8,e51f3e67730b53d97582dfd9ad52cf65
LODHIKA,8-Jun-2014,18:00:00,22.1,70.6,0,,,,8,e51f3e67730b53d97582dfd9ad52cf65
LILIYA,8-Jun-2014,18:00:00,21.5,71.4,0,,,,8,e51f3e67730b53d97582dfd9ad52cf65
MANGROL,8-Jun-2014,18:00:00,21.1,70.1,0,29.6,,,8,e51f3e67730b53d97582dfd9ad52cf65
GANDEVI,8-Jun-2014,18:00:00,20.8,73,0,29.9,,,8,e51f3e67730b53d97582dfd9ad52cf65
DHROL,8-Jun-2014,18:00:00,22.6,70.5,0,,,,8,e51f3e67730b53d97582dfd9ad52cf65
DHORAJI,8-Jun-2014,18:00:00,21.7,70.4,0,,,,8,e51f3e67730b53d97582dfd9ad52cf65
DHARI,8-Jun-2014,18:00:00,21.2,71,0,,,,8,e51f3e67730b53d97582dfd9ad52cf65
DEHGAM,8-Jun-2014,18:00:00,23.2,72.8,0,30.2,,,8,e51f3e67730b53d97582dfd9ad52cf65
BORSAD,8-Jun-2014,18:00:00,22.4,72.9,0,,,,8,e51f3e67730b53d97582dfd9ad52cf65
BOTAD,8-Jun-2014,18:00:00,22.2,71.6,0,,,,8,e51f3e67730b53d97582dfd9ad52cf65
MANAVADAR,8-Jun-2014,18:00:00,21.5,70.1,0,,,,8,e51f3e67730b53d97582dfd9ad52cf65
SANKHEDA,8-Jun-2014,18:00:00,22.2,73.6,0,,,,8,e51f3e67730b53d97582dfd9ad52cf65
CHOTILA,8-Jun-2014,18:00:00,22.4,71.2,0,,,,8,e51f3e67730b53d97582dfd9ad52cf65
SINOR,8-Jun-2014,18:00:00,21.9,73.3,0,,,,8,e51f3e67730b53d97582dfd9ad52cf65
MOTI NAROLI,8-Jun-2014,18:00:00,21.4,73,0,,,,8,e51f3e67730b53d97582dfd9ad52cf65
MC AHMEDABAD,8-Jun-2014,18:00:00,23.1,72.5,0,,,,8,e51f3e67730b53d97582dfd9ad52cf65
KAMREJ,8-Jun-2014,18:00:00,21.3,73,0,,,,8,e51f3e67730b53d97582dfd9ad52cf65
BARVALA,8-Jun-2014,18:00:00,22.2,71.9,0,,,,8,e51f3e67730b53d97582dfd9ad52cf65
VISAVDHAR,8-Jun-2014,18:00:00,21.3,70.7,0,,,,8,e51f3e67730b53d97582dfd9ad52cf65
UPLETA,8-Jun-2014,18:00:00,21.7,70.3,0,,,,8,e51f3e67730b53d97582dfd9ad52cf65
TILAKWADA,8-Jun-2014,18:00:00,21.9,73.6,0,29.8,,,8,e51f3e67730b53d97582dfd9ad52cf65
THARAD,8-Jun-2014,18:00:00,24.4,71.6,0,,,,8,e51f3e67730b53d97582dfd9ad52cf65
SAVARKUNDALA,8-Jun-2014,18:00:00,21.3,71.7,0,,,,8,e51f3e67730b53d97582dfd9ad52cf65
LODHIKA,8-Jun-2014,17:00:00,22.1,70.6,0,,,,8,e51f3e67730b53d97582dfd9ad52cf65
LILIYA,8-Jun-2014,17:00:00,21.5,71.4,0,,,,8,e51f3e67730b53d97582dfd9ad52cf65
MANGROL,8-Jun-2014,17:00:00,21.1,70.1,0,29.7,,,8,e51f3e67730b53d97582dfd9ad52cf65
MANAVADAR,8-Jun-2014,17:00:00,21.5,70.1,0,,,,8,e51f3e67730b53d97582dfd9ad52cf65
JAFRABAD,8-Jun-2014,17:00:00,20.8,71.3,0,,,,8,e51f3e67730b53d97582dfd9ad52cf65
DHROL,8-Jun-2014,17:00:00,22.6,70.5,0,,,,8,e51f3e67730b53d97582dfd9ad52cf65
DHORAJI,8-Jun-2014,17:00:00,21.7,70.4,0,,,,8,e51f3e67730b53d97582dfd9ad52cf65
DEHGAM,8-Jun-2014,17:00:00,23.2,72.8,0,31.1,,,8,e51f3e67730b53d97582dfd9ad52cf65
CHOTILA,8-Jun-2014,17:00:00,22.4,71.2,0,,,,8,e51f3e67730b53d97582dfd9ad52cf65
BORSAD,8-Jun-2014,17:00:00,22.4,72.9,0,,,,8,e51f3e67730b53d97582dfd9ad52cf65
BOTAD,8-Jun-2014,17:00:00,22.2,71.6,0,,,,8,e51f3e67730b53d97582dfd9ad52cf65
SANKHEDA,8-Jun-2014,17:00:00,22.2,73.6,0,,,,8,e51f3e67730b53d97582dfd9ad52cf65
SAVARKUNDALA,8-Jun-2014,17:00:00,21.3,71.7,0,,,,8,e51f3e67730b53d97582dfd9ad52cf65
THARAD,8-Jun-2014,17:00:00,24.4,71.6,0,,,,8,e51f3e67730b53d97582dfd9ad52cf65
GANDEVI,8-Jun-2014,17:00:00,20.8,73,0,29.9,,,8,e51f3e67730b53d97582dfd9ad52cf65
DHARI,8-Jun-2014,17:00:00,21.2,71,0,,,,8,e51f3e67730b53d97582dfd9ad52cf65
SINOR,8-Jun-2014,17:00:00,21.9,73.3,0,,,,8,e51f3e67730b53d97582dfd9ad52cf65
MOTI NAROLI,8-Jun-2014,17:00:00,21.4,73,0,,,,8,e51f3e67730b53d97582dfd9ad52cf65
MC AHMEDABAD,8-Jun-2014,17:00:00,23.1,72.5,0,,,,8,e51f3e67730b53d97582dfd9ad52cf65
KAMREJ,8-Jun-2014,17:00:00,21.3,73,0,,,,8,e51f3e67730b53d97582dfd9ad52cf65
DHANDHUKA,8-Jun-2014,17:00:00,22.4,72,0,,,,8,e51f3e67730b53d97582dfd9ad52cf65
BARVALA,8-Jun-2014,17:00:00,22.2,71.9,0,,,,8,e51f3e67730b53d97582dfd9ad52cf65
VISAVDHAR,8-Jun-2014,17:00:00,21.3,70.7,0,,,,8,e51f3e67730b53d97582dfd9ad52cf65
UPLETA,8-Jun-2014,17:00:00,21.7,70.3,0,,,,8,e51f3e67730b53d97582dfd9ad52cf65
TILAKWADA,8-Jun-2014,17:00:00,21.9,73.6,0,30.4,,,8,e51f3e67730b53d97582dfd9ad52cf65
GANDEVI,8-Jun-2014,16:00:00,20.8,73,0,29.8,,,8,e51f3e67730b53d97582dfd9ad52cf65
LODHIKA,8-Jun-2014,16:00:00,22.1,70.6,0,,,,8,e51f3e67730b53d97582dfd9ad52cf65
LILIYA,8-Jun-2014,16:00:00,21.5,71.4,0,,,,8,e51f3e67730b53d97582dfd9ad52cf65
MANGROL,8-Jun-2014,16:00:00,21.1,70.1,0,29.7,,,8,e51f3e67730b53d97582dfd9ad52cf65
DHROL,8-Jun-2014,16:00:00,22.6,70.5,0,,,,8,e51f3e67730b53d97582dfd9ad52cf65
DHORAJI,8-Jun-2014,16:00:00,21.7,70.4,0,,,,8,e51f3e67730b53d97582dfd9ad52cf65
DHARI,8-Jun-2014,16:00:00,21.2,71,0,,,,8,e51f3e67730b53d97582dfd9ad52cf65
DEHGAM,8-Jun-2014,16:00:00,23.2,72.8,0,32.1,,,8,e51f3e67730b53d97582dfd9ad52cf65
CHOTILA,8-Jun-2014,16:00:00,22.4,71.2,0,,,,8,e51f3e67730b53d97582dfd9ad52cf65
BORSAD,8-Jun-2014,16:00:00,22.4,72.9,0,,,,8,e51f3e67730b53d97582dfd9ad52cf65
BOTAD,8-Jun-2014,16:00:00,22.2,71.6,0,,,,8,e51f3e67730b53d97582dfd9ad52cf65
MANAVADAR,8-Jun-2014,16:00:00,21.5,70.1,0,,,,8,e51f3e67730b53d97582dfd9ad52cf65
SANKHEDA,8-Jun-2014,16:00:00,22.2,73.6,0,,,,8,e51f3e67730b53d97582dfd9ad52cf65
DHANDHUKA,8-Jun-2014,16:00:00,22.4,72,0,,,,8,e51f3e67730b53d97582dfd9ad52cf65
JAFRABAD,8-Jun-2014,16:00:00,20.8,71.3,0,,,,8,e51f3e67730b53d97582dfd9ad52cf65
SINOR,8-Jun-2014,16:00:00,21.9,73.3,0,,,,8,e51f3e67730b53d97582dfd9ad52cf65
MOTI NAROLI,8-Jun-2014,16:00:00,21.4,73,0,,,,8,e51f3e67730b53d97582dfd9ad52cf65
MC AHMEDABAD,8-Jun-2014,16:00:00,23.1,72.5,0,,,,8,e51f3e67730b53d97582dfd9ad52cf65
KAMREJ,8-Jun-2014,16:00:00,21.3,73,0,,,,8,e51f3e67730b53d97582dfd9ad52cf65
BARVALA,8-Jun-2014,16:00:00,22.2,71.9,0,,,,8,e51f3e67730b53d97582dfd9ad52cf65
VISAVDHAR,8-Jun-2014,16:00:00,21.3,70.7,0,,,,8,e51f3e67730b53d97582dfd9ad52cf65
TILAKWADA,8-Jun-2014,16:00:00,21.9,73.6,0,31.4,,,8,e51f3e67730b53d97582dfd9ad52cf65
THARAD,8-Jun-2014,16:00:00,24.4,71.6,0,,,,8,e51f3e67730b53d97582dfd9ad52cf65
SAVARKUNDALA,8-Jun-2014,16:00:00,21.3,71.7,0,,,,8,e51f3e67730b53d97582dfd9ad52cf65
JAFRABAD,8-Jun-2014,15:00:00,20.8,71.3,0,,,,8,e51f3e67730b53d97582dfd9ad52cf65
LODHIKA,8-Jun-2014,15:00:00,22.1,70.6,0,,,,8,e51f3e67730b53d97582dfd9ad52cf65
MANGROL,8-Jun-2014,15:00:00,21.1,70.1,0,29.9,,,8,e51f3e67730b53d97582dfd9ad52cf65
MANAVADAR,8-Jun-2014,15:00:00,21.5,70.1,0,,,,8,e51f3e67730b53d97582dfd9ad52cf65
GANDEVI,8-Jun-2014,15:00:00,20.8,73,0,29.8,,,8,e51f3e67730b53d97582dfd9ad52cf65
DHROL,8-Jun-2014,15:00:00,22.6,70.5,0,,,,8,e51f3e67730b53d97582dfd9ad52cf65
DHORAJI,8-Jun-2014,15:00:00,21.7,70.4,0,,,,8,e51f3e67730b53d97582dfd9ad52cf65
DEHGAM,8-Jun-2014,15:00:00,23.2,72.8,0,33.4,,,8,e51f3e67730b53d97582dfd9ad52cf65
CHOTILA,8-Jun-2014,15:00:00,22.4,71.2,0,,,,8,e51f3e67730b53d97582dfd9ad52cf65
BORSAD,8-Jun-2014,15:00:00,22.4,72.9,0,,,,8,e51f3e67730b53d97582dfd9ad52cf65
BOTAD,8-Jun-2014,15:00:00,22.2,71.6,0,,,,8,e51f3e67730b53d97582dfd9ad52cf65
SANKHEDA,8-Jun-2014,15:00:00,22.2,73.6,0,,,,8,e51f3e67730b53d97582dfd9ad52cf65
SAVARKUNDALA,8-Jun-2014,15:00:00,21.3,71.7,0,,,,8,e51f3e67730b53d97582dfd9ad52cf65
DHANDHUKA,8-Jun-2014,15:00:00,22.4,72,0,,,,8,e51f3e67730b53d97582dfd9ad52cf65
UPLETA,8-Jun-2014,15:00:00,21.7,70.3,0,,,,8,e51f3e67730b53d97582dfd9ad52cf65
LILIYA,8-Jun-2014,15:00:00,21.5,71.4,0,,,,8,e51f3e67730b53d97582dfd9ad52cf65
SINOR,8-Jun-2014,15:00:00,21.9,73.3,0,,,,8,e51f3e67730b53d97582dfd9ad52cf65
MOTI NAROLI,8-Jun-2014,15:00:00,21.4,73,0,,,,8,e51f3e67730b53d97582dfd9ad52cf65
MC AHMEDABAD,8-Jun-2014,15:00:00,23.1,72.5,0,,,,8,e51f3e67730b53d97582dfd9ad52cf65
KAMREJ,8-Jun-2014,15:00:00,21.3,73,0,,,,8,e51f3e67730b53d97582dfd9ad52cf65
BARVALA,8-Jun-2014,15:00:00,22.2,71.9,0,,,,8,e51f3e67730b53d97582dfd9ad52cf65
VISAVDHAR,8-Jun-2014,15:00:00,21.3,70.7,0,,,,8,e51f3e67730b53d97582dfd9ad52cf65
TILAKWADA,8-Jun-2014,15:00:00,21.9,73.6,0,33.1,,,8,e51f3e67730b53d97582dfd9ad52cf65
THARAD,8-Jun-2014,15:00:00,24.4,71.6,0,,,,8,e51f3e67730b53d97582dfd9ad52cf65
GANDEVI,8-Jun-2014,14:00:00,20.8,73,0,30,,,8,e51f3e67730b53d97582dfd9ad52cf65
JAFRABAD,8-Jun-2014,14:00:00,20.8,71.3,0,,,,8,e51f3e67730b53d97582dfd9ad52cf65
LODHIKA,8-Jun-2014,14:00:00,22.1,70.6,0,,,,8,e51f3e67730b53d97582dfd9ad52cf65
LILIYA,8-Jun-2014,14:00:00,21.5,71.4,0,,,,8,e51f3e67730b53d97582dfd9ad52cf65
DHROL,8-Jun-2014,14:00:00,22.6,70.5,0,,,,8,e51f3e67730b53d97582dfd9ad52cf65
DHORAJI,8-Jun-2014,14:00:00,21.7,70.4,0,,,,8,e51f3e67730b53d97582dfd9ad52cf65
DHARI,8-Jun-2014,14:00:00,21.2,71,0,,,,8,e51f3e67730b53d97582dfd9ad52cf65
DEHGAM,8-Jun-2014,14:00:00,23.2,72.8,0,35.8,,,8,e51f3e67730b53d97582dfd9ad52cf65
CHOTILA,8-Jun-2014,14:00:00,22.4,71.2,0,,,,8,e51f3e67730b53d97582dfd9ad52cf65
BORSAD,8-Jun-2014,14:00:00,22.4,72.9,0,,,,8,e51f3e67730b53d97582dfd9ad52cf65
BOTAD,8-Jun-2014,14:00:00,22.2,71.6,0,,,,8,e51f3e67730b53d97582dfd9ad52cf65
MANGROL,8-Jun-2014,14:00:00,21.1,70.1,0,30.2,,,8,e51f3e67730b53d97582dfd9ad52cf65
MANAVADAR,8-Jun-2014,14:00:00,21.5,70.1,0,,,,8,e51f3e67730b53d97582dfd9ad52cf65
SINOR,8-Jun-2014,14:00:00,21.9,73.3,0,,,,8,e51f3e67730b53d97582dfd9ad52cf65
MOTI NAROLI,8-Jun-2014,14:00:00,21.4,73,0,,,,8,e51f3e67730b53d97582dfd9ad52cf65
MC AHMEDABAD,8-Jun-2014,14:00:00,23.1,72.5,0,,,,8,e51f3e67730b53d97582dfd9ad52cf65
KAMREJ,8-Jun-2014,14:00:00,21.3,73,0,,,,8,e51f3e67730b53d97582dfd9ad52cf65
BARVALA,8-Jun-2014,14:00:00,22.2,71.9,0,,,,8,e51f3e67730b53d97582dfd9ad52cf65
VISAVDHAR,8-Jun-2014,14:00:00,21.3,70.7,0,,,,8,e51f3e67730b53d97582dfd9ad52cf65
UPLETA,8-Jun-2014,14:00:00,21.7,70.3,0,,,,8,e51f3e67730b53d97582dfd9ad52cf65
TILAKWADA,8-Jun-2014,14:00:00,21.9,73.6,0,34.9,,,8,e51f3e67730b53d97582dfd9ad52cf65
THARAD,8-Jun-2014,14:00:00,24.4,71.6,0,,,,8,e51f3e67730b53d97582dfd9ad52cf65
SAVARKUNDALA,8-Jun-2014,14:00:00,21.3,71.7,0,,,,8,e51f3e67730b53d97582dfd9ad52cf65
SANKHEDA,8-Jun-2014,14:00:00,22.2,73.6,0,,,,8,e51f3e67730b53d97582dfd9ad52cf65
SANKHEDA,8-Jun-2014,13:00:00,22.2,73.6,0,,,,8,e51f3e67730b53d97582dfd9ad52cf65
JAFRABAD,8-Jun-2014,13:00:00,20.8,71.3,0,,,,8,e51f3e67730b53d97582dfd9ad52cf65
GANDEVI,8-Jun-2014,13:00:00,20.8,73,0,31.4,,,8,e51f3e67730b53d97582dfd9ad52cf65
DHROL,8-Jun-2014,13:00:00,22.6,70.5,0,,,,8,e51f3e67730b53d97582dfd9ad52cf65
DHORAJI,8-Jun-2014,13:00:00,21.7,70.4,0,,,,8,e51f3e67730b53d97582dfd9ad52cf65
DHARI,8-Jun-2014,13:00:00,21.2,71,0,,,,8,e51f3e67730b53d97582dfd9ad52cf65
DEHGAM,8-Jun-2014,13:00:00,23.2,72.8,0,38.3,,,8,e51f3e67730b53d97582dfd9ad52cf65
CHOTILA,8-Jun-2014,13:00:00,22.4,71.2,0,,,,8,e51f3e67730b53d97582dfd9ad52cf65
BOTAD,8-Jun-2014,13:00:00,22.2,71.6,0,,,,8,e51f3e67730b53d97582dfd9ad52cf65
SAVARKUNDALA,8-Jun-2014,13:00:00,21.3,71.7,0,,,,8,e51f3e67730b53d97582dfd9ad52cf65
THARAD,8-Jun-2014,13:00:00,24.4,71.6,0,,,,8,e51f3e67730b53d97582dfd9ad52cf65
TILAKWADA,8-Jun-2014,13:00:00,21.9,73.6,0,37.2,,,8,e51f3e67730b53d97582dfd9ad52cf65
BORSAD,8-Jun-2014,13:00:00,22.4,72.9,0,,,,8,e51f3e67730b53d97582dfd9ad52cf65
SINOR,8-Jun-2014,13:00:00,21.9,73.3,0,,,,8,e51f3e67730b53d97582dfd9ad52cf65
MOTI NAROLI,8-Jun-2014,13:00:00,21.4,73,0,,,,8,e51f3e67730b53d97582dfd9ad52cf65
MC AHMEDABAD,8-Jun-2014,13:00:00,23.1,72.5,0,,,,8,e51f3e67730b53d97582dfd9ad52cf65
KAMREJ,8-Jun-2014,13:00:00,21.3,73,0,,,,8,e51f3e67730b53d97582dfd9ad52cf65
DHANDHUKA,8-Jun-2014,13:00:00,22.4,72,0,,,,8,e51f3e67730b53d97582dfd9ad52cf65
BARVALA,8-Jun-2014,13:00:00,22.2,71.9,0,,,,8,e51f3e67730b53d97582dfd9ad52cf65
VISAVDHAR,8-Jun-2014,13:00:00,21.3,70.7,0,,,,8,e51f3e67730b53d97582dfd9ad52cf65
UPLETA,8-Jun-2014,13:00:00,21.7,70.3,0,,,,8,e51f3e67730b53d97582dfd9ad52cf65
MANAVADAR,8-Jun-2014,12:00:00,21.5,70.1,0,,,,8,e51f3e67730b53d97582dfd9ad52cf65
LILIYA,8-Jun-2014,12:00:00,21.5,71.4,0,,,,8,e51f3e67730b53d97582dfd9ad52cf65
LODHIKA,8-Jun-2014,12:00:00,22.1,70.6,0,,,,8,e51f3e67730b53d97582dfd9ad52cf65
JAFRABAD,8-Jun-2014,12:00:00,20.8,71.3,0,,,,8,e51f3e67730b53d97582dfd9ad52cf65
GANDEVI,8-Jun-2014,12:00:00,20.8,73,0,32.9,35.5,,8,e51f3e67730b53d97582dfd9ad52cf65
DHROL,8-Jun-2014,12:00:00,22.6,70.5,0,,,,8,e51f3e67730b53d97582dfd9ad52cf65
DHORAJI,8-Jun-2014,12:00:00,21.7,70.4,0,,,,8,e51f3e67730b53d97582dfd9ad52cf65
DHARI,8-Jun-2014,12:00:00,21.2,71,0,,,,8,e51f3e67730b53d97582dfd9ad52cf65
DEHGAM,8-Jun-2014,12:00:00,23.2,72.8,0,39.1,41.3,,8,e51f3e67730b53d97582dfd9ad52cf65
CHOTILA,8-Jun-2014,12:00:00,22.4,71.2,0,,,,8,e51f3e67730b53d97582dfd9ad52cf65
SANKHEDA,8-Jun-2014,12:00:00,22.2,73.6,0,,,,8,e51f3e67730b53d97582dfd9ad52cf65
SAVARKUNDALA,8-Jun-2014,12:00:00,21.3,71.7,0,,,,8,e51f3e67730b53d97582dfd9ad52cf65
THARAD,8-Jun-2014,12:00:00,24.4,71.6,0,,,,8,e51f3e67730b53d97582dfd9ad52cf65
DHANDHUKA,8-Jun-2014,12:00:00,22.4,72,0,,,,8,e51f3e67730b53d97582dfd9ad52cf65
UPLETA,8-Jun-2014,12:00:00,21.7,70.3,0,,,,8,e51f3e67730b53d97582dfd9ad52cf65
MANGROL,8-Jun-2014,12:00:00,21.1,70.1,0,32.1,33.1,,8,e51f3e67730b53d97582dfd9ad52cf65
SINOR,8-Jun-2014,12:00:00,21.9,73.3,0,,,,8,e51f3e67730b53d97582dfd9ad52cf65
MOTI NAROLI,8-Jun-2014,12:00:00,21.4,73,0,,,,8,e51f3e67730b53d97582dfd9ad52cf65
MC AHMEDABAD,8-Jun-2014,12:00:00,23.1,72.5,0,,,,8,e51f3e67730b53d97582dfd9ad52cf65
KAMREJ,8-Jun-2014,12:00:00,21.3,73,0,,,,8,e51f3e67730b53d97582dfd9ad52cf65
BARVALA,8-Jun-2014,12:00:00,22.2,71.9,0,,,,8,e51f3e67730b53d97582dfd9ad52cf65
VISAVDHAR,8-Jun-2014,12:00:00,21.3,70.7,0,,,,8,e51f3e67730b53d97582dfd9ad52cf65
TILAKWADA,8-Jun-2014,12:00:00,21.9,73.6,0,38.4,40.2,,8,e51f3e67730b53d97582dfd9ad52cf65
BORSAD,8-Jun-2014,12:00:00,22.4,72.9,0,,,,8,e51f3e67730b53d97582dfd9ad52cf65
BOTAD,8-Jun-2014,12:00:00,22.2,71.6,0,,,,8,e51f3e67730b53d97582dfd9ad52cf65
SINOR,8-Jun-2014,11:00:00,21.9,73.3,0,,,,8,e51f3e67730b53d97582dfd9ad52cf65
LILIYA,8-Jun-2014,11:00:00,21.5,71.4,0,,,,8,e51f3e67730b53d97582dfd9ad52cf65
LODHIKA,8-Jun-2014,11:00:00,22.1,70.6,0,,,,8,e51f3e67730b53d97582dfd9ad52cf65
JAFRABAD,8-Jun-2014,11:00:00,20.8,71.3,0,,,,8,e51f3e67730b53d97582dfd9ad52cf65
GANDEVI,8-Jun-2014,11:00:00,20.8,73,0,33.7,,,8,e51f3e67730b53d97582dfd9ad52cf65
DHROL,8-Jun-2014,11:00:00,22.6,70.5,0,,,,8,e51f3e67730b53d97582dfd9ad52cf65
DHORAJI,8-Jun-2014,11:00:00,21.7,70.4,0,,,,8,e51f3e67730b53d97582dfd9ad52cf65
DHARI,8-Jun-2014,11:00:00,21.2,71,0,,,,8,e51f3e67730b53d97582dfd9ad52cf65
DEHGAM,8-Jun-2014,11:00:00,23.2,72.8,0,41,,,8,e51f3e67730b53d97582dfd9ad52cf65
BORSAD,8-Jun-2014,11:00:00,22.4,72.9,0,,,,8,e51f3e67730b53d97582dfd9ad52cf65
BOTAD,8-Jun-2014,11:00:00,22.2,71.6,0,,,,8,e51f3e67730b53d97582dfd9ad52cf65
MANGROL,8-Jun-2014,11:00:00,21.1,70.1,0,31.9,,,8,e51f3e67730b53d97582dfd9ad52cf65
MANAVADAR,8-Jun-2014,11:00:00,21.5,70.1,0,,,,8,e51f3e67730b53d97582dfd9ad52cf65
SANKHEDA,8-Jun-2014,11:00:00,22.2,73.6,0,,,,8,e51f3e67730b53d97582dfd9ad52cf65
MOTI NAROLI,8-Jun-2014,11:00:00,21.4,73,0,,,,8,e51f3e67730b53d97582dfd9ad52cf65
MC AHMEDABAD,8-Jun-2014,11:00:00,23.1,72.5,0,,,,8,e51f3e67730b53d97582dfd9ad52cf65
KAMREJ,8-Jun-2014,11:00:00,21.3,73,0,,,,8,e51f3e67730b53d97582dfd9ad52cf65
DHANDHUKA,8-Jun-2014,11:00:00,22.4,72,0,,,,8,e51f3e67730b53d97582dfd9ad52cf65
BARVALA,8-Jun-2014,11:00:00,22.2,71.9,0,,,,8,e51f3e67730b53d97582dfd9ad52cf65
VISAVDHAR,8-Jun-2014,11:00:00,21.3,70.7,0,,,,8,e51f3e67730b53d97582dfd9ad52cf65
UPLETA,8-Jun-2014,11:00:00,21.7,70.3,0,,,,8,e51f3e67730b53d97582dfd9ad52cf65
TILAKWADA,8-Jun-2014,11:00:00,21.9,73.6,0,38.9,,,8,e51f3e67730b53d97582dfd9ad52cf65
THARAD,8-Jun-2014,11:00:00,24.4,71.6,0,,,,8,e51f3e67730b53d97582dfd9ad52cf65
SAVARKUNDALA,8-Jun-2014,11:00:00,21.3,71.7,0,,,,8,e51f3e67730b53d97582dfd9ad52cf65
SAVARKUNDALA,8-Jun-2014,10:00:00,21.3,71.7,0,,,,8,e51f3e67730b53d97582dfd9ad52cf65
SANKHEDA,8-Jun-2014,10:00:00,22.2,73.6,0,,,,8,e51f3e67730b53d97582dfd9ad52cf65
MANAVADAR,8-Jun-2014,10:00:00,21.5,70.1,0,,,,8,e51f3e67730b53d97582dfd9ad52cf65
LILIYA,8-Jun-2014,10:00:00,21.5,71.4,0,,,,8,e51f3e67730b53d97582dfd9ad52cf65
LODHIKA,8-Jun-2014,10:00:00,22.1,70.6,0,,,,8,e51f3e67730b53d97582dfd9ad52cf65
JAFRABAD,8-Jun-2014,10:00:00,20.8,71.3,0,,,,8,e51f3e67730b53d97582dfd9ad52cf65
GANDEVI,8-Jun-2014,10:00:00,20.8,73,0,34.5,,,8,e51f3e67730b53d97582dfd9ad52cf65
DHROL,8-Jun-2014,10:00:00,22.6,70.5,0,,,,8,e51f3e67730b53d97582dfd9ad52cf65
THARAD,8-Jun-2014,10:00:00,24.4,71.6,0,,,,8,e51f3e67730b53d97582dfd9ad52cf65
TILAKWADA,8-Jun-2014,10:00:00,21.9,73.6,0,40.2,,,8,e51f3e67730b53d97582dfd9ad52cf65
SINOR,8-Jun-2014,10:00:00,21.9,73.3,0,,,,8,e51f3e67730b53d97582dfd9ad52cf65
MOTI NAROLI,8-Jun-2014,10:00:00,21.4,73,0,,,,8,e51f3e67730b53d97582dfd9ad52cf65
MC AHMEDABAD,8-Jun-2014,10:00:00,23.1,72.5,0,,,,8,e51f3e67730b53d97582dfd9ad52cf65
KAMREJ,8-Jun-2014,10:00:00,21.3,73,0,,,,8,e51f3e67730b53d97582dfd9ad52cf65
DHANDHUKA,8-Jun-2014,10:00:00,22.4,72,0,,,,8,e51f3e67730b53d97582dfd9ad52cf65
BARVALA,8-Jun-2014,10:00:00,22.2,71.9,0,,,,8,e51f3e67730b53d97582dfd9ad52cf65
VISAVDHAR,8-Jun-2014,10:00:00,21.3,70.7,0,,,,8,e51f3e67730b53d97582dfd9ad52cf65
UPLETA,8-Jun-2014,10:00:00,21.7,70.3,0,,,,8,e51f3e67730b53d97582dfd9ad52cf65
MANGROL,8-Jun-2014,09:00:00,21.1,70.1,0,32,,,8,e51f3e67730b53d97582dfd9ad52cf65
LILIYA,8-Jun-2014,09:00:00,21.5,71.4,0,,,,8,e51f3e67730b53d97582dfd9ad52cf65
LODHIKA,8-Jun-2014,09:00:00,22.1,70.6,0,,,,8,e51f3e67730b53d97582dfd9ad52cf65
JAFRABAD,8-Jun-2014,09:00:00,20.8,71.3,0,,,,8,e51f3e67730b53d97582dfd9ad52cf65
GANDEVI,8-Jun-2014,09:00:00,20.8,73,0,34.5,,,8,e51f3e67730b53d97582dfd9ad52cf65
DHROL,8-Jun-2014,09:00:00,22.6,70.5,0,,,,8,e51f3e67730b53d97582dfd9ad52cf65
DHORAJI,8-Jun-2014,09:00:00,21.7,70.4,0,,,,8,e51f3e67730b53d97582dfd9ad52cf65
DEHGAM,8-Jun-2014,09:00:00,23.2,72.8,0,39.2,,,8,e51f3e67730b53d97582dfd9ad52cf65
BORSAD,8-Jun-2014,09:00:00,22.4,72.9,0,,,,8,e51f3e67730b53d97582dfd9ad52cf65
BOTAD,8-Jun-2014,09:00:00,22.2,71.6,0,,,,8,e51f3e67730b53d97582dfd9ad52cf65
MANAVADAR,8-Jun-2014,09:00:00,21.5,70.1,0,,,,8,e51f3e67730b53d97582dfd9ad52cf65
SANKHEDA,8-Jun-2014,09:00:00,22.2,73.6,0,,,,8,e51f3e67730b53d97582dfd9ad52cf65
SAVARKUNDALA,8-Jun-2014,09:00:00,21.3,71.7,0,,,,8,e51f3e67730b53d97582dfd9ad52cf65
SINOR,8-Jun-2014,09:00:00,21.9,73.3,0,,,,8,e51f3e67730b53d97582dfd9ad52cf65
MOTI NAROLI,8-Jun-2014,09:00:00,21.4,73,0,,,,8,e51f3e67730b53d97582dfd9ad52cf65
MC AHMEDABAD,8-Jun-2014,09:00:00,23.1,72.5,0,,,,8,e51f3e67730b53d97582dfd9ad52cf65
KAMREJ,8-Jun-2014,09:00:00,21.3,73,0,,,,8,e51f3e67730b53d97582dfd9ad52cf65
DHANDHUKA,8-Jun-2014,09:00:00,22.4,72,0,,,,8,e51f3e67730b53d97582dfd9ad52cf65
BARVALA,8-Jun-2014,09:00:00,22.2,71.9,0,,,,8,e51f3e67730b53d97582dfd9ad52cf65
VISAVDHAR,8-Jun-2014,09:00:00,21.3,70.7,0,,,,8,e51f3e67730b53d97582dfd9ad52cf65
UPLETA,8-Jun-2014,09:00:00,21.7,70.3,0,,,,8,e51f3e67730b53d97582dfd9ad52cf65
TILAKWADA,8-Jun-2014,09:00:00,21.9,73.6,0,39.4,,,8,e51f3e67730b53d97582dfd9ad52cf65
THARAD,8-Jun-2014,09:00:00,24.4,71.6,0,,,,8,e51f3e67730b53d97582dfd9ad52cf65
LODHIKA,8-Jun-2014,08:00:00,22.1,70.6,0,,,,8,e51f3e67730b53d97582dfd9ad52cf65
LILIYA,8-Jun-2014,08:00:00,21.5,71.4,0,,,,8,e51f3e67730b53d97582dfd9ad52cf65
MANGROL,8-Jun-2014,08:00:00,21.1,70.1,0,31.5,,,8,e51f3e67730b53d97582dfd9ad52cf65
MANAVADAR,8-Jun-2014,08:00:00,21.5,70.1,0,,,,8,e51f3e67730b53d97582dfd9ad52cf65
JAFRABAD,8-Jun-2014,08:00:00,20.8,71.3,0,,,,8,e51f3e67730b53d97582dfd9ad52cf65
DHROL,8-Jun-2014,08:00:00,22.6,70.5,0,,,,8,e51f3e67730b53d97582dfd9ad52cf65
DHORAJI,8-Jun-2014,08:00:00,21.7,70.4,0,,,,8,e51f3e67730b53d97582dfd9ad52cf65
DHARI,8-Jun-2014,08:00:00,21.2,71,0,,,,8,e51f3e67730b53d97582dfd9ad52cf65
DEHGAM,8-Jun-2014,08:00:00,23.2,72.8,0,38.2,,,8,e51f3e67730b53d97582dfd9ad52cf65
BORSAD,8-Jun-2014,08:00:00,22.4,72.9,0,,,,8,e51f3e67730b53d97582dfd9ad52cf65
BOTAD,8-Jun-2014,08:00:00,22.2,71.6,0,,,,8,e51f3e67730b53d97582dfd9ad52cf65
SANKHEDA,8-Jun-2014,08:00:00,22.2,73.6,0,,,,8,e51f3e67730b53d97582dfd9ad52cf65
SAVARKUNDALA,8-Jun-2014,08:00:00,21.3,71.7,0,,,,8,e51f3e67730b53d97582dfd9ad52cf65
MOTI NAROLI,8-Jun-2014,08:00:00,21.4,73,0,,,,8,e51f3e67730b53d97582dfd9ad52cf65
UPLETA,8-Jun-2014,08:00:00,21.7,70.3,0,,,,8,e51f3e67730b53d97582dfd9ad52cf65
GANDEVI,8-Jun-2014,08:00:00,20.8,73,0,35.1,,,8,e51f3e67730b53d97582dfd9ad52cf65
SINOR,8-Jun-2014,08:00:00,21.9,73.3,0,,,,8,e51f3e67730b53d97582dfd9ad52cf65
MC AHMEDABAD,8-Jun-2014,08:00:00,23.1,72.5,0,,,,8,e51f3e67730b53d97582dfd9ad52cf65
KAMREJ,8-Jun-2014,08:00:00,21.3,73,0,,,,8,e51f3e67730b53d97582dfd9ad52cf65
DHANDHUKA,8-Jun-2014,08:00:00,22.4,72,0,,,,8,e51f3e67730b53d97582dfd9ad52cf65
BARVALA,8-Jun-2014,08:00:00,22.2,71.9,0,,,,8,e51f3e67730b53d97582dfd9ad52cf65
VISAVDHAR,8-Jun-2014,08:00:00,21.3,70.7,0,,,,8,e51f3e67730b53d97582dfd9ad52cf65
TILAKWADA,8-Jun-2014,08:00:00,21.9,73.6,0,38.4,,,8,e51f3e67730b53d97582dfd9ad52cf65
THARAD,8-Jun-2014,08:00:00,24.4,71.6,0,,,,8,e51f3e67730b53d97582dfd9ad52cf65
LODHIKA,8-Jun-2014,07:00:00,22.1,70.6,0,,,,8,e51f3e67730b53d97582dfd9ad52cf65
LILIYA,8-Jun-2014,07:00:00,21.5,71.4,0,,,,8,e51f3e67730b53d97582dfd9ad52cf65
MANGROL,8-Jun-2014,07:00:00,21.1,70.1,0,32.2,,,8,e51f3e67730b53d97582dfd9ad52cf65
MANAVADAR,8-Jun-2014,07:00:00,21.5,70.1,0,,,,8,e51f3e67730b53d97582dfd9ad52cf65
JAFRABAD,8-Jun-2014,07:00:00,20.8,71.3,0,,,,8,e51f3e67730b53d97582dfd9ad52cf65
GANDEVI,8-Jun-2014,07:00:00,20.8,73,0,34.7,,,8,e51f3e67730b53d97582dfd9ad52cf65
DHROL,8-Jun-2014,07:00:00,22.6,70.5,0,,,,8,e51f3e67730b53d97582dfd9ad52cf65
DHARI,8-Jun-2014,07:00:00,21.2,71,0,,,,8,e51f3e67730b53d97582dfd9ad52cf65
DEHGAM,8-Jun-2014,07:00:00,23.2,72.8,0,37.3,,,8,e51f3e67730b53d97582dfd9ad52cf65
CHOTILA,8-Jun-2014,07:00:00,22.4,71.2,0,,,,8,e51f3e67730b53d97582dfd9ad52cf65
BORSAD,8-Jun-2014,07:00:00,22.4,72.9,0,,,,8,e51f3e67730b53d97582dfd9ad52cf65
SANKHEDA,8-Jun-2014,07:00:00,22.2,73.6,0,,,,8,e51f3e67730b53d97582dfd9ad52cf65
SAVARKUNDALA,8-Jun-2014,07:00:00,21.3,71.7,0,,,,8,e51f3e67730b53d97582dfd9ad52cf65
DHANDHUKA,8-Jun-2014,07:00:00,22.4,72,0,,,,8,e51f3e67730b53d97582dfd9ad52cf65
DHORAJI,8-Jun-2014,07:00:00,21.7,70.4,0,,,,8,e51f3e67730b53d97582dfd9ad52cf65
SINOR,8-Jun-2014,07:00:00,21.9,73.3,0,,,,8,e51f3e67730b53d97582dfd9ad52cf65
MOTI NAROLI,8-Jun-2014,07:00:00,21.4,73,0,,,,8,e51f3e67730b53d97582dfd9ad52cf65
MC AHMEDABAD,8-Jun-2014,07:00:00,23.1,72.5,0,,,,8,e51f3e67730b53d97582dfd9ad52cf65
KAMREJ,8-Jun-2014,07:00:00,21.3,73,0,,,,8,e51f3e67730b53d97582dfd9ad52cf65
BARVALA,8-Jun-2014,07:00:00,22.2,71.9,0,,,,8,e51f3e67730b53d97582dfd9ad52cf65
VISAVDHAR,8-Jun-2014,07:00:00,21.3,70.7,0,,,,8,e51f3e67730b53d97582dfd9ad52cf65
UPLETA,8-Jun-2014,07:00:00,21.7,70.3,0,,,,8,e51f3e67730b53d97582dfd9ad52cf65
TILAKWADA,8-Jun-2014,07:00:00,21.9,73.6,0,36.9,,,8,e51f3e67730b53d97582dfd9ad52cf65
THARAD,8-Jun-2014,07:00:00,24.4,71.6,0,,,,8,e51f3e67730b53d97582dfd9ad52cf65
MANGROL,8-Jun-2014,06:00:00,21.1,70.1,0,31.8,,,8,e51f3e67730b53d97582dfd9ad52cf65
MANAVADAR,8-Jun-2014,06:00:00,21.5,70.1,0,,,,8,e51f3e67730b53d97582dfd9ad52cf65
SANKHEDA,8-Jun-2014,06:00:00,22.2,73.6,0,,,,8,e51f3e67730b53d97582dfd9ad52cf65
SAVARKUNDALA,8-Jun-2014,06:00:00,21.3,71.7,0,,,,8,e51f3e67730b53d97582dfd9ad52cf65
LODHIKA,8-Jun-2014,06:00:00,22.1,70.6,0,,,,8,e51f3e67730b53d97582dfd9ad52cf65
JAFRABAD,8-Jun-2014,06:00:00,20.8,71.3,0,,,,8,e51f3e67730b53d97582dfd9ad52cf65
GANDEVI,8-Jun-2014,06:00:00,20.8,73,0,34.2,,,8,e51f3e67730b53d97582dfd9ad52cf65
DHROL,8-Jun-2014,06:00:00,22.6,70.5,0,,,,8,e51f3e67730b53d97582dfd9ad52cf65
DHORAJI,8-Jun-2014,06:00:00,21.7,70.4,0,,,,8,e51f3e67730b53d97582dfd9ad52cf65
DHARI,8-Jun-2014,06:00:00,21.2,71,0,,,,8,e51f3e67730b53d97582dfd9ad52cf65
DEHGAM,8-Jun-2014,06:00:00,23.2,72.8,0,36.2,,,8,e51f3e67730b53d97582dfd9ad52cf65
THARAD,8-Jun-2014,06:00:00,24.4,71.6,0,,,,8,e51f3e67730b53d97582dfd9ad52cf65
TILAKWADA,8-Jun-2014,06:00:00,21.9,73.6,0,35.1,,,8,e51f3e67730b53d97582dfd9ad52cf65
LILIYA,8-Jun-2014,06:00:00,21.5,71.4,0,,,,8,e51f3e67730b53d97582dfd9ad52cf65
CHOTILA,8-Jun-2014,06:00:00,22.4,71.2,0,,,,8,e51f3e67730b53d97582dfd9ad52cf65
BORSAD,8-Jun-2014,06:00:00,22.4,72.9,0,,,,8,e51f3e67730b53d97582dfd9ad52cf65
BOTAD,8-Jun-2014,06:00:00,22.2,71.6,0,,,,8,e51f3e67730b53d97582dfd9ad52cf65
SINOR,8-Jun-2014,06:00:00,21.9,73.3,0,,,,8,e51f3e67730b53d97582dfd9ad52cf65
MOTI NAROLI,8-Jun-2014,06:00:00,21.4,73,0,,,,8,e51f3e67730b53d97582dfd9ad52cf65
MC AHMEDABAD,8-Jun-2014,06:00:00,23.1,72.5,0,,,,8,e51f3e67730b53d97582dfd9ad52cf65
KAMREJ,8-Jun-2014,06:00:00,21.3,73,0,,,,8,e51f3e67730b53d97582dfd9ad52cf65
DHANDHUKA,8-Jun-2014,06:00:00,22.4,72,0,,,,8,e51f3e67730b53d97582dfd9ad52cf65
VISAVDHAR,8-Jun-2014,06:00:00,21.3,70.7,0,,,,8,e51f3e67730b53d97582dfd9ad52cf65
UPLETA,8-Jun-2014,06:00:00,21.7,70.3,0,,,,8,e51f3e67730b53d97582dfd9ad52cf65
JAMBUSAR,8-Jun-2014,05:00:00,22,72.8,0,33.8,,,8,e51f3e67730b53d97582dfd9ad52cf65
LODHIKA,8-Jun-2014,05:00:00,22.1,70.6,0,,,,8,e51f3e67730b53d97582dfd9ad52cf65
LILIYA,8-Jun-2014,05:00:00,21.5,71.4,0,,,,8,e51f3e67730b53d97582dfd9ad52cf65
MANGROL,8-Jun-2014,05:00:00,21.1,70.1,0,31.9,,,8,e51f3e67730b53d97582dfd9ad52cf65
JAFRABAD,8-Jun-2014,05:00:00,20.8,71.3,0,,,,8,e51f3e67730b53d97582dfd9ad52cf65
GANDEVI,8-Jun-2014,05:00:00,20.8,73,0,33.3,,,8,e51f3e67730b53d97582dfd9ad52cf65
DHROL,8-Jun-2014,05:00:00,22.6,70.5,0,,,,8,e51f3e67730b53d97582dfd9ad52cf65
DHARI,8-Jun-2014,05:00:00,21.2,71,0,,,,8,e51f3e67730b53d97582dfd9ad52cf65
CHOTILA,8-Jun-2014,05:00:00,22.4,71.2,0,,,,8,e51f3e67730b53d97582dfd9ad52cf65
BORSAD,8-Jun-2014,05:00:00,22.4,72.9,0,,,,8,e51f3e67730b53d97582dfd9ad52cf65
BOTAD,8-Jun-2014,05:00:00,22.2,71.6,0,,,,8,e51f3e67730b53d97582dfd9ad52cf65
MANAVADAR,8-Jun-2014,05:00:00,21.5,70.1,0,,,,8,e51f3e67730b53d97582dfd9ad52cf65
SANKHEDA,8-Jun-2014,05:00:00,22.2,73.6,0,,,,8,e51f3e67730b53d97582dfd9ad52cf65
SAVARKUNDALA,8-Jun-2014,05:00:00,21.3,71.7,0,,,,8,e51f3e67730b53d97582dfd9ad52cf65
DEHGAM,8-Jun-2014,05:00:00,23.2,72.8,0,34.4,,,8,e51f3e67730b53d97582dfd9ad52cf65
SINOR,8-Jun-2014,05:00:00,21.9,73.3,0,,,,8,e51f3e67730b53d97582dfd9ad52cf65
MOTI NAROLI,8-Jun-2014,05:00:00,21.4,73,0,,,,8,e51f3e67730b53d97582dfd9ad52cf65
MC AHMEDABAD,8-Jun-2014,05:00:00,23.1,72.5,0,,,,8,e51f3e67730b53d97582dfd9ad52cf65
KAMREJ,8-Jun-2014,05:00:00,21.3,73,0,,,,8,e51f3e67730b53d97582dfd9ad52cf65
DHANDHUKA,8-Jun-2014,05:00:00,22.4,72,0,,,,8,e51f3e67730b53d97582dfd9ad52cf65
BARVALA,8-Jun-2014,05:00:00,22.2,71.9,0,,,,8,e51f3e67730b53d97582dfd9ad52cf65
VISAVDHAR,8-Jun-2014,05:00:00,21.3,70.7,0,,,,8,e51f3e67730b53d97582dfd9ad52cf65
UPLETA,8-Jun-2014,05:00:00,21.7,70.3,0,,,,8,e51f3e67730b53d97582dfd9ad52cf65
TILAKWADA,8-Jun-2014,05:00:00,21.9,73.6,0,33.3,,,8,e51f3e67730b53d97582dfd9ad52cf65
THARAD,8-Jun-2014,05:00:00,24.4,71.6,0,,,,8,e51f3e67730b53d97582dfd9ad52cf65
LODHIKA,8-Jun-2014,04:00:00,22.1,70.6,0,,,,8,e51f3e67730b53d97582dfd9ad52cf65
LILIYA,8-Jun-2014,04:00:00,21.5,71.4,0,,,,8,e51f3e67730b53d97582dfd9ad52cf65
MANGROL,8-Jun-2014,04:00:00,21.1,70.1,0,31.3,,,8,e51f3e67730b53d97582dfd9ad52cf65
SANKHEDA,8-Jun-2014,04:00:00,22.2,73.6,0,,,,8,e51f3e67730b53d97582dfd9ad52cf65
JAFRABAD,8-Jun-2014,04:00:00,20.8,71.3,0,,,,8,e51f3e67730b53d97582dfd9ad52cf65
GANDEVI,8-Jun-2014,04:00:00,20.8,73,0,32.4,,,8,e51f3e67730b53d97582dfd9ad52cf65
DHROL,8-Jun-2014,04:00:00,22.6,70.5,0,,,,8,e51f3e67730b53d97582dfd9ad52cf65
DHORAJI,8-Jun-2014,04:00:00,21.7,70.4,0,,,,8,e51f3e67730b53d97582dfd9ad52cf65
DHARI,8-Jun-2014,04:00:00,21.2,71,0,,,,8,e51f3e67730b53d97582dfd9ad52cf65
DEHGAM,8-Jun-2014,04:00:00,23.2,72.8,0,33.2,,,8,e51f3e67730b53d97582dfd9ad52cf65
BORSAD,8-Jun-2014,04:00:00,22.4,72.9,0,,,,8,e51f3e67730b53d97582dfd9ad52cf65
SAVARKUNDALA,8-Jun-2014,04:00:00,21.3,71.7,0,,,,8,e51f3e67730b53d97582dfd9ad52cf65
THARAD,8-Jun-2014,04:00:00,24.4,71.6,0,,,,8,e51f3e67730b53d97582dfd9ad52cf65
TILAKWADA,8-Jun-2014,04:00:00,21.9,73.6,0,31.8,,,8,e51f3e67730b53d97582dfd9ad52cf65
JAMBUSAR,8-Jun-2014,04:00:00,22,72.8,0,32,,,8,e51f3e67730b53d97582dfd9ad52cf65
CHOTILA,8-Jun-2014,04:00:00,22.4,71.2,0,,,,8,e51f3e67730b53d97582dfd9ad52cf65
BOTAD,8-Jun-2014,04:00:00,22.2,71.6,0,,,,8,e51f3e67730b53d97582dfd9ad52cf65
SINOR,8-Jun-2014,04:00:00,21.9,73.3,0,,,,8,e51f3e67730b53d97582dfd9ad52cf65
MOTI NAROLI,8-Jun-2014,04:00:00,21.4,73,0,,,,8,e51f3e67730b53d97582dfd9ad52cf65
MC AHMEDABAD,8-Jun-2014,04:00:00,23.1,72.5,0,,,,8,e51f3e67730b53d97582dfd9ad52cf65
KAMREJ,8-Jun-2014,04:00:00,21.3,73,0,,,,8,e51f3e67730b53d97582dfd9ad52cf65
UPLETA,8-Jun-2014,04:00:00,21.7,70.3,0,,,,8,e51f3e67730b53d97582dfd9ad52cf65
MANAVADAR,8-Jun-2014,04:00:00,21.5,70.1,0,,,,8,e51f3e67730b53d97582dfd9ad52cf65
VISAVDHAR,8-Jun-2014,04:00:00,21.3,70.7,0,,,,8,e51f3e67730b53d97582dfd9ad52cf65
BARVALA,8-Jun-2014,04:00:00,22.2,71.9,0,,,,8,e51f3e67730b53d97582dfd9ad52cf65
DHANDHUKA,8-Jun-2014,04:00:00,22.4,72,0,,,,8,e51f3e67730b53d97582dfd9ad52cf65
MANGROL,8-Jun-2014,03:00:00,21.1,70.1,0,30.3,,28.2,8,e51f3e67730b53d97582dfd9ad52cf65
LILIYA,8-Jun-2014,03:00:00,21.5,71.4,0,,,,8,e51f3e67730b53d97582dfd9ad52cf65
LODHIKA,8-Jun-2014,03:00:00,22.1,70.6,0,,,,8,e51f3e67730b53d97582dfd9ad52cf65
JAFRABAD,8-Jun-2014,03:00:00,20.8,71.3,0,,,,8,e51f3e67730b53d97582dfd9ad52cf65
GANDEVI,8-Jun-2014,03:00:00,20.8,73,0,31.6,,27.1,8,e51f3e67730b53d97582dfd9ad52cf65
DHROL,8-Jun-2014,03:00:00,22.6,70.5,0,,,,8,e51f3e67730b53d97582dfd9ad52cf65
DHORAJI,8-Jun-2014,03:00:00,21.7,70.4,0,,,,8,e51f3e67730b53d97582dfd9ad52cf65
DHARI,8-Jun-2014,03:00:00,21.2,71,0,,,,8,e51f3e67730b53d97582dfd9ad52cf65
DEHGAM,8-Jun-2014,03:00:00,23.2,72.8,0,31.4,,27.9,8,e51f3e67730b53d97582dfd9ad52cf65
BORSAD,8-Jun-2014,03:00:00,22.4,72.9,0,,,,8,e51f3e67730b53d97582dfd9ad52cf65
BOTAD,8-Jun-2014,03:00:00,22.2,71.6,0,,,,8,e51f3e67730b53d97582dfd9ad52cf65
MANAVADAR,8-Jun-2014,03:00:00,21.5,70.1,0,,,,8,e51f3e67730b53d97582dfd9ad52cf65
SAVARKUNDALA,8-Jun-2014,03:00:00,21.3,71.7,0,,,,8,e51f3e67730b53d97582dfd9ad52cf65
SANKHEDA,8-Jun-2014,03:00:00,22.2,73.6,0,,,,8,e51f3e67730b53d97582dfd9ad52cf65
CHOTILA,8-Jun-2014,03:00:00,22.4,71.2,0,,,,8,e51f3e67730b53d97582dfd9ad52cf65
SINOR,8-Jun-2014,03:00:00,21.9,73.3,0,,,,8,e51f3e67730b53d97582dfd9ad52cf65
MOTI NAROLI,8-Jun-2014,03:00:00,21.4,73,0,,,,8,e51f3e67730b53d97582dfd9ad52cf65
MC AHMEDABAD,8-Jun-2014,03:00:00,23.1,72.5,0,,,,8,e51f3e67730b53d97582dfd9ad52cf65
KAMREJ,8-Jun-2014,03:00:00,21.3,73,0,,,,8,e51f3e67730b53d97582dfd9ad52cf65
DHANDHUKA,8-Jun-2014,03:00:00,22.4,72,0,,,,8,e51f3e67730b53d97582dfd9ad52cf65
BARVALA,8-Jun-2014,03:00:00,22.2,71.9,0,,,,8,e51f3e67730b53d97582dfd9ad52cf65
VISAVDHAR,8-Jun-2014,03:00:00,21.3,70.7,0,,,,8,e51f3e67730b53d97582dfd9ad52cf65
TILAKWADA,8-Jun-2014,03:00:00,21.9,73.6,0,30.1,,28.1,8,e51f3e67730b53d97582dfd9ad52cf65
THARAD,8-Jun-2014,03:00:00,24.4,71.6,0,,,,8,e51f3e67730b53d97582dfd9ad52cf65
GANDEVI,8-Jun-2014,02:00:00,20.8,73,0,29.6,,,8,e51f3e67730b53d97582dfd9ad52cf65
JAFRABAD,8-Jun-2014,02:00:00,20.8,71.3,0,,,,8,e51f3e67730b53d97582dfd9ad52cf65
LODHIKA,8-Jun-2014,02:00:00,22.1,70.6,0,,,,8,e51f3e67730b53d97582dfd9ad52cf65
LILIYA,8-Jun-2014,02:00:00,21.5,71.4,0,,,,8,e51f3e67730b53d97582dfd9ad52cf65
MANGROL,8-Jun-2014,02:00:00,21.1,70.1,0,29.2,,,8,e51f3e67730b53d97582dfd9ad52cf65
DHROL,8-Jun-2014,02:00:00,22.6,70.5,0,,,,8,e51f3e67730b53d97582dfd9ad52cf65
DHORAJI,8-Jun-2014,02:00:00,21.7,70.4,0,,,,8,e51f3e67730b53d97582dfd9ad52cf65
DHARI,8-Jun-2014,02:00:00,21.2,71,0,,,,8,e51f3e67730b53d97582dfd9ad52cf65
DEHGAM,8-Jun-2014,02:00:00,23.2,72.8,0,30.4,,,8,e51f3e67730b53d97582dfd9ad52cf65
SINOR,8-Jun-2014,02:00:00,21.9,73.3,0,,,,8,e51f3e67730b53d97582dfd9ad52cf65
CHOTILA,8-Jun-2014,02:00:00,22.4,71.2,0,,,,8,e51f3e67730b53d97582dfd9ad52cf65
BOTAD,8-Jun-2014,02:00:00,22.2,71.6,0,,,,8,e51f3e67730b53d97582dfd9ad52cf65
MANAVADAR,8-Jun-2014,02:00:00,21.5,70.1,0,,,,8,e51f3e67730b53d97582dfd9ad52cf65
SANKHEDA,8-Jun-2014,02:00:00,22.2,73.6,0,,,,8,e51f3e67730b53d97582dfd9ad52cf65
THARAD,8-Jun-2014,02:00:00,24.4,71.6,0,,,,8,e51f3e67730b53d97582dfd9ad52cf65
BORSAD,8-Jun-2014,02:00:00,22.4,72.9,0,,,,8,e51f3e67730b53d97582dfd9ad52cf65
MOTI NAROLI,8-Jun-2014,02:00:00,21.4,73,0,,,,8,e51f3e67730b53d97582dfd9ad52cf65
MC AHMEDABAD,8-Jun-2014,02:00:00,23.1,72.5,0,,,,8,e51f3e67730b53d97582dfd9ad52cf65
KAMREJ,8-Jun-2014,02:00:00,21.3,73,0,,,,8,e51f3e67730b53d97582dfd9ad52cf65
DHANDHUKA,8-Jun-2014,02:00:00,22.4,72,0,,,,8,e51f3e67730b53d97582dfd9ad52cf65
BARVALA,8-Jun-2014,02:00:00,22.2,71.9,0,,,,8,e51f3e67730b53d97582dfd9ad52cf65
WAGHAI,8-Jun-2014,02:00:00,20.8,73.5,0,29.9,,,8,e51f3e67730b53d97582dfd9ad52cf65
VISAVDHAR,8-Jun-2014,02:00:00,21.3,70.7,0,,,,8,e51f3e67730b53d97582dfd9ad52cf65
TILAKWADA,8-Jun-2014,02:00:00,21.9,73.6,0,28.8,,,8,e51f3e67730b53d97582dfd9ad52cf65
SAVARKUNDALA,8-Jun-2014,02:00:00,21.3,71.7,0,,,,8,e51f3e67730b53d97582dfd9ad52cf65
GANDEVI,8-Jun-2014,01:00:00,20.8,73,0,27.4,,,8,e51f3e67730b53d97582dfd9ad52cf65
JAFRABAD,8-Jun-2014,01:00:00,20.8,71.3,0,,,,8,e51f3e67730b53d97582dfd9ad52cf65
LODHIKA,8-Jun-2014,01:00:00,22.1,70.6,0,,,,8,e51f3e67730b53d97582dfd9ad52cf65
LILIYA,8-Jun-2014,01:00:00,21.5,71.4,0,,,,8,e51f3e67730b53d97582dfd9ad52cf65
DHROL,8-Jun-2014,01:00:00,22.6,70.5,0,,,,8,e51f3e67730b53d97582dfd9ad52cf65
DHORAJI,8-Jun-2014,01:00:00,21.7,70.4,0,,,,8,e51f3e67730b53d97582dfd9ad52cf65
DHARI,8-Jun-2014,01:00:00,21.2,71,0,,,,8,e51f3e67730b53d97582dfd9ad52cf65
BORSAD,8-Jun-2014,01:00:00,22.4,72.9,0,,,,8,e51f3e67730b53d97582dfd9ad52cf65
BOTAD,8-Jun-2014,01:00:00,22.2,71.6,0,,,,8,e51f3e67730b53d97582dfd9ad52cf65
MANAVADAR,8-Jun-2014,01:00:00,21.5,70.1,0,,,,8,e51f3e67730b53d97582dfd9ad52cf65
MANGROL,8-Jun-2014,01:00:00,21.1,70.1,0,28.3,,,8,e51f3e67730b53d97582dfd9ad52cf65
SANKHEDA,8-Jun-2014,01:00:00,22.2,73.6,0,,,,8,e51f3e67730b53d97582dfd9ad52cf65
SINOR,8-Jun-2014,01:00:00,21.9,73.3,0,,,,8,e51f3e67730b53d97582dfd9ad52cf65
JAMBUSAR,8-Jun-2014,01:00:00,22,72.8,0,27.8,,,8,e51f3e67730b53d97582dfd9ad52cf65
MOTI NAROLI,8-Jun-2014,01:00:00,21.4,73,0,,,,8,e51f3e67730b53d97582dfd9ad52cf65
MC AHMEDABAD,8-Jun-2014,01:00:00,23.1,72.5,0,,,,8,e51f3e67730b53d97582dfd9ad52cf65
KAMREJ,8-Jun-2014,01:00:00,21.3,73,0,,,,8,e51f3e67730b53d97582dfd9ad52cf65
DHANDHUKA,8-Jun-2014,01:00:00,22.4,72,0,,,,8,e51f3e67730b53d97582dfd9ad52cf65
BARVALA,8-Jun-2014,01:00:00,22.2,71.9,0,,,,8,e51f3e67730b53d97582dfd9ad52cf65
VISAVDHAR,8-Jun-2014,01:00:00,21.3,70.7,0,,,,8,e51f3e67730b53d97582dfd9ad52cf65
TILAKWADA,8-Jun-2014,01:00:00,21.9,73.6,0,28.1,,,8,e51f3e67730b53d97582dfd9ad52cf65
THARAD,8-Jun-2014,01:00:00,24.4,71.6,0,,,,8,e51f3e67730b53d97582dfd9ad52cf65
SAVARKUNDALA,8-Jun-2014,01:00:00,21.3,71.7,0,,,,8,e51f3e67730b53d97582dfd9ad52cf65
JAMBUSAR,8-Jun-2014,00:00:00,22,72.8,0,27.8,,,8,e51f3e67730b53d97582dfd9ad52cf65
LODHIKA,8-Jun-2014,00:00:00,22.1,70.6,0,,,,8,e51f3e67730b53d97582dfd9ad52cf65
LILIYA,8-Jun-2014,00:00:00,21.5,71.4,0,,,,8,e51f3e67730b53d97582dfd9ad52cf65
MANGROL,8-Jun-2014,00:00:00,21.1,70.1,0,28.4,,,8,e51f3e67730b53d97582dfd9ad52cf65
JAFRABAD,8-Jun-2014,00:00:00,20.8,71.3,0,,,,8,e51f3e67730b53d97582dfd9ad52cf65
GANDEVI,8-Jun-2014,00:00:00,20.8,73,0,27.7,,,8,e51f3e67730b53d97582dfd9ad52cf65
DHORAJI,8-Jun-2014,00:00:00,21.7,70.4,0,,,,8,e51f3e67730b53d97582dfd9ad52cf65
DHARI,8-Jun-2014,00:00:00,21.2,71,0,,,,8,e51f3e67730b53d97582dfd9ad52cf65
DEHGAM,8-Jun-2014,00:00:00,23.2,72.8,0,28.2,,,8,e51f3e67730b53d97582dfd9ad52cf65
CHOTILA,8-Jun-2014,00:00:00,22.4,71.2,0,,,,8,e51f3e67730b53d97582dfd9ad52cf65
BORSAD,8-Jun-2014,00:00:00,22.4,72.9,0,,,,8,e51f3e67730b53d97582dfd9ad52cf65
BOTAD,8-Jun-2014,00:00:00,22.2,71.6,0,,,,8,e51f3e67730b53d97582dfd9ad52cf65
MANAVADAR,8-Jun-2014,00:00:00,21.5,70.1,0,,,,8,e51f3e67730b53d97582dfd9ad52cf65
SAVARKUNDALA,8-Jun-2014,00:00:00,21.3,71.7,0,,,,8,e51f3e67730b53d97582dfd9ad52cf65
MOTI NAROLI,8-Jun-2014,00:00:00,21.4,73,0,,,,8,e51f3e67730b53d97582dfd9ad52cf65
DHROL,8-Jun-2014,00:00:00,22.6,70.5,0,,,,8,e51f3e67730b53d97582dfd9ad52cf65
SINOR,8-Jun-2014,00:00:00,21.9,73.3,0,,,,8,e51f3e67730b53d97582dfd9ad52cf65
MC AHMEDABAD,8-Jun-2014,00:00:00,23.1,72.5,0,,,,8,e51f3e67730b53d97582dfd9ad52cf65
KAMREJ,8-Jun-2014,00:00:00,21.3,73,0,,,,8,e51f3e67730b53d97582dfd9ad52cf65
DHANDHUKA,8-Jun-2014,00:00:00,22.4,72,0,,,,8,e51f3e67730b53d97582dfd9ad52cf65
BARVALA,8-Jun-2014,00:00:00,22.2,71.9,0,,,,8,e51f3e67730b53d97582dfd9ad52cf65
VISAVDHAR,8-Jun-2014,00:00:00,21.3,70.7,0,,,,8,e51f3e67730b53d97582dfd9ad52cf65
TILAKWADA,8-Jun-2014,00:00:00,21.9,73.6,0,28.3,,,8,e51f3e67730b53d97582dfd9ad52cf65
THARAD,8-Jun-2014,00:00:00,24.4,71.6,0,,,,8,e51f3e67730b53d97582dfd9ad52cf65
SANKHEDA,8-Jun-2014,00:00:00,22.2,73.6,0,,,,8,e51f3e67730b53d97582dfd9ad52cf65
